,년도,시도,초등학생인원수,빈집수,전출인구,총인구,부채,예금은행대출금액,산부인과의원수
0,2013,경기도,739619,,1821303,12234630,,248468.3,286
1,2013,서울특별시,469392,,1620640,10143645,,462443.1,395
2,2013,경상남도,190166,,423864,3333820,,57288.6,65
3,2013,부산광역시,160821,,496161,3527635,,77411.6,82
4,2013,대구광역시,136309,,363224,2501588,,46578.5,86
5,2013,인천광역시,157918,,439578,2879782,,62378.3,69
6,2013,전라북도,105135,,260395,1872965,,22597.6,52
7,2013,경상북도,135237,,330983,2699440,,28452.3,57
8,2013,광주광역시,96055,,229288,1472910,,23082.8,45
9,2013,충청남도,116216,,268053,2047631,,26445.4,47
10,2013,전라남도,99206,,246635,1907172,,15968.2,24
11,2013,울산광역시,67156,,157185,1156480,,19560.1,31
12,2013,충청북도,88860,,212860,1572732,,17211.7,49
13,2013,대전광역시,93398,,230547,1532811,,23859.8,52
14,2013,강원도,83187,,214931,1542263,,13259.9,34
15,2013,제주특별자치도,38235,,81028,593806,,7325.0,21
16,2013,세종특별자치시,7090,,15109,122153,,2429.1,2
17,2014,경기도,732307,,1834379,12357830,,268494.6,277
18,2014,서울특별시,457517,,1661425,10103233,,494441.9,392
19,2014,경상남도,186973,,456164,3350257,,62681.3,64
20,2014,부산광역시,155754,,500802,3519401,,84345.8,77
21,2014,대구광역시,131765,,365739,2493264,,53214.0,85
22,2014,인천광역시,156740,,442973,2902608,,66365.0,67
23,2014,전라북도,101860,,276900,1871560,,24625.9,54
24,2014,경상북도,131307,,338029,2700794,,31642.7,55
25,2014,광주광역시,93163,,246043,1475884,,24782.2,43
26,2014,충청남도,115056,,279817,2062273,,29451.1,46
27,2014,전라남도,95720,,260874,1905780,,17164.0,23
28,2014,울산광역시,65810,,173229,1166377,,21981.2,31
29,2014,충청북도,86508,,213577,1578933,,19076.8,47
30,2014,대전광역시,91599,,248397,1531809,,25804.7,50
31,2014,강원도,80458,,226284,1544442,,14184.7,32
32,2014,제주특별자치도,37915,,81396,607346,,8312.3,20
33,2014,세종특별자치시,8057,,23070,156125,,3535.0,3
34,2015,경기도,733359,144893.0,1898312,12522606,,284496.7,273
35,2015,서울특별시,450675,79049.0,1726687,10022181,,525529.1,389
36,2015,경상남도,187075,98680.0,450279,3364702,,68619.5,66
37,2015,부산광역시,154283,86626.0,520591,3513777,,92109.5,74
38,2015,대구광역시,129583,29610.0,364364,2487829,,61642.8,85
39,2015,인천광역시,157099,47402.0,463685,2925815,,69059.0,65
40,2015,전라북도,100260,73869.0,264662,1869711,,26242.4,53
41,2015,경상북도,129743,108114.0,345307,2702826,,35582.2,55
42,2015,광주광역시,91862,26705.0,233875,1472199,,28259.6,41
43,2015,충청남도,115484,73719.0,279680,2077649,,32255.0,46
44,2015,전라남도,94368,103333.0,246168,1908996,,19216.7,22
45,2015,울산광역시,66134,21423.0,170473,1173534,,24057.9,32
46,2015,충청북도,85290,54884.0,213188,1583952,,21044.6,47
47,2015,대전광역시,89464,26419.0,241390,1518775,,27830.0,47
48,2015,강원도,78414,59260.0,222352,1549507,,15464.9,33
49,2015,제주특별자치도,38164,18475.0,83323,624395,,10191.0,20
50,2015,세종특별자치시,13353,16458.0,30950,210884,,5215.0,4
51,2016,경기도,727380,167830.0,1824976,12716780,,305720.4,269
52,2016,서울특별시,436121,94668.0,1655859,9930616,,544592.1,388
53,2016,경상남도,185325,98899.0,410180,3373871,,72333.0,64
54,2016,부산광역시,151207,85333.0,480407,3498529,,99122.7,70
55,2016,대구광역시,125541,36932.0,337488,2484557,,66966.8,87
56,2016,인천광역시,155590,52941.0,435869,2943069,,73804.8,65
57,2016,전라북도,97895,73696.0,252607,1864791,,27330.1,52
58,2016,경상북도,127825,107862.0,318803,2700398,,37300.0,56
59,2016,광주광역시,89095,29127.0,221074,1469214,,30354.2,39
60,2016,충청남도,115309,80152.0,271446,2096727,,33828.8,46
61,2016,전라남도,92981,102257.0,237337,1903914,,20060.0,22
62,2016,울산광역시,65629,20965.0,155812,1172304,,25364.2,32
63,2016,충청북도,84052,56014.0,197668,1591625,,22070.0,47
64,2016,대전광역시,85939,26238.0,229883,1514370,,29590.8,47
65,2016,강원도,76772,55709.0,221592,1550806,,16415.4,29
66,2016,제주특별자치도,38272,21469.0,92193,641597,,12548.2,21
67,2016,세종특별자치시,17910,10115.0,35236,243048,,6747.6,4
68,2017,경기도,733941,194981.0,1772162,12873895,9028.0,326152.3,269
69,2017,서울특별시,428333,93343.0,1571423,9857426,9690.0,569688.0,388
70,2017,경상남도,186619,120548.0,409200,3380404,6141.0,74494.8,64
71,2017,부산광역시,150863,94737.0,467471,3470653,5181.0,106819.1,65
72,2017,대구광역시,124708,44180.0,333118,2475231,6424.0,71095.8,86
73,2017,인천광역시,156470,57489.0,411135,2948542,6333.0,80147.3,62
74,2017,전라북도,97383,77631.0,239253,1854607,4121.0,28323.0,50
75,2017,경상북도,127642,126480.0,316642,2691706,4719.0,39225.6,55
76,2017,광주광역시,88189,33569.0,216256,1463770,4312.0,31038.5,38
77,2017,충청남도,116963,92110.0,269337,2116770,5941.0,35278.9,43
78,2017,전라남도,93233,109799.0,230551,1896424,4188.0,21010.3,21
79,2017,울산광역시,66016,26867.0,147116,1165132,7352.0,26949.2,32
80,2017,충청북도,84240,60881.0,194915,1594432,5195.0,23178.8,45
81,2017,대전광역시,84240,26994.0,227624,1502227,6158.0,31050.7,46
82,2017,강원도,75722,62109.0,209618,1550142,4153.0,17587.6,30
83,2017,제주특별자치도,38901,28629.0,91022,657083,5942.0,14707.9,21
84,2017,세종특별자치시,20764,14360.0,47383,280100,,7585.8,4
85,2018,경기도,752499,249635.0,1871621,13077153,9850.0,350553.6,268
86,2018,서울특별시,424800,93867.0,1549937,9765623,10073.0,607389.3,394
87,2018,경상남도,191016,131870.0,395524,3373988,6728.0,76526.6,59
88,2018,부산광역시,152775,99458.0,442854,3441453,6096.0,113616.7,65
89,2018,대구광역시,125160,40861.0,335400,2461769,7670.0,74462.0,87
90,2018,인천광역시,158871,64927.0,433706,2954642,7065.0,85660.7,59
91,2018,전라북도,97606,86732.0,257097,1836832,4376.0,29107.6,50
92,2018,경상북도,129290,136805.0,318671,2676831,5082.0,40939.9,54
93,2018,광주광역시,88622,37220.0,225108,1459336,4785.0,33475.5,37
94,2018,충청남도,120152,106443.0,282221,2126282,5590.0,36232.6,42
95,2018,전라남도,94134,118648.0,232414,1882970,4561.0,22228.8,19
96,2018,울산광역시,67290,29265.0,140576,1155623,7568.0,27620.7,32
97,2018,충청북도,85344,74757.0,213737,1599252,5112.0,25028.7,41
98,2018,대전광역시,83453,29900.0,227632,1489936,6675.0,33252.0,45
99,2018,강원도,75412,72384.0,220252,1543052,4508.0,19200.5,31
100,2018,제주특별자치도,40096,32603.0,95349,667191,6466.0,16633.8,22
101,2018,세종특별자치시,24865,14242.0,55000,314126,10254.0,8351.6,6
102,2019,경기도,769744,278815.0,1806296,13239666,10217.0,376464.3,264
103,2019,서울특별시,422293,93402.0,1476081,9729107,10635.0,641634.1,391
104,2019,경상남도,194606,147173.0,405561,3362553,6804.0,78235.3,58
105,2019,부산광역시,155589,109651.0,435058,3413841,6217.0,120127.2,67
106,2019,대구광역시,126122,40721.0,336092,2438031,7546.0,80062.2,91
107,2019,인천광역시,160853,66695.0,422351,2957026,7277.0,92157.9,59
108,2019,전라북도,97731,91138.0,241523,1818917,4973.0,30488.3,50
109,2019,경상북도,131374,143560.0,311082,2665836,5067.0,43118.9,54
110,2019,광주광역시,88990,39625.0,221005,1456468,5003.0,36888.6,35
111,2019,충청남도,122424,107609.0,259584,2123709,5225.0,37360.9,42
112,2019,전라남도,94952,121767.0,233271,1868745,4765.0,23785.6,19
113,2019,울산광역시,68512,33114.0,152228,1148019,6672.0,28495.1,33
114,2019,충청북도,86709,77520.0,208831,1600007,5195.0,26399.9,40
115,2019,대전광역시,82743,29640.0,228766,1474870,6763.0,35318.1,46
116,2019,강원도,75617,84382.0,215965,1541502,4924.0,20991.4,32
117,2019,제주특별자치도,41068,36566.0,92030,670989,7289.0,18281.1,23
118,2019,세종특별자치시,27892,16437.0,58674,340575,10145.0,8803.9,7
119,2020,경기도,761731,272358.0,1984199,13427014,10213.0,419831.8,265
120,2020,서울특별시,409536,96629.0,1642977,9668465,11077.0,726164.1,385
121,2020,경상남도,190849,150982.0,419997,3340216,7067.0,82937.6,59
122,2020,부산광역시,153527,113410.0,506176,3391946,6712.0,132190.5,67
123,2020,대구광역시,122587,39069.0,364083,2418346,7894.0,88740.3,87
124,2020,인천광역시,156928,65861.0,460304,2942828,8498.0,102078.5,60
125,2020,전라북도,94661,95412.0,257577,1804104,5378.0,33132.0,48
126,2020,경상북도,129079,139770.0,334679,2639422,5228.0,47189.5,53
127,2020,광주광역시,86419,41585.0,232246,1450062,6035.0,42161.3,36
128,2020,충청남도,120115,106430.0,286386,2121029,5644.0,41097.0,43
129,2020,전라남도,92405,122103.0,248770,1851549,4545.0,26806.6,18
130,2020,울산광역시,67397,30241.0,149696,1136017,6776.0,30498.2,34
131,2020,충청북도,85135,76877.0,226441,1600837,5547.0,28669.1,40
132,2020,대전광역시,79807,26983.0,243418,1463882,6562.0,39341.3,44
133,2020,강원도,73478,84106.0,217897,1542840,5619.0,22831.4,32
134,2020,제주특별자치도,40575,35105.0,94736,674635,7869.0,20182.3,23
135,2020,세종특별자치시,29487,14385.0,65909,355831,10793.0,9864.7,7
